{"entityTypes":[{"id":"7e83aa4a-25bd-48b2-a356-fd6e1035aeb1","label":"No_Health_Insurance","sireProp":{"mentionType":null,"subtypes":null,"roles":["7e83aa4a-25bd-48b2-a356-fd6e1035aeb1"],"clazz":null,"color":null,"hotkey":null,"backGroundColor":null,"active":true,"roleOnly":false},"creationDate":1589300601082,"source":null,"modifiedDate":0,"typeType":null,"typeClass":null,"typeVersion":null,"typeDesc":null,"typeSuperType":null,"typeSuperTypeId":null,"typeCreateDate":null,"typeUpdateDate":null,"typeProvenance":null,"alchemyAPITypes":null,"nluAPITypes":null},{"id":"0ae18e7f-38da-4112-821b-1247984442b7","label":"Medically_Insured","sireProp":{"mentionType":null,"subtypes":null,"roles":["0ae18e7f-38da-4112-821b-1247984442b7"],"clazz":null,"color":null,"hotkey":null,"backGroundColor":null,"active":true,"roleOnly":false},"creationDate":1589300589630,"source":null,"modifiedDate":0,"typeType":null,"typeClass":null,"typeVersion":null,"typeDesc":null,"typeSuperType":null,"typeSuperTypeId":null,"typeCreateDate":null,"typeUpdateDate":null,"typeProvenance":null,"alchemyAPITypes":null,"nluAPITypes":null},{"id":"4b77ab45-c00c-4829-b813-6367183e435e","label":"No_Vehicle","sireProp":{"mentionType":null,"subtypes":null,"roles":["4b77ab45-c00c-4829-b813-6367183e435e"],"clazz":null,"color":null,"hotkey":null,"backGroundColor":null,"active":true,"roleOnly":false},"creationDate":1589300557032,"source":null,"modifiedDate":0,"typeType":null,"typeClass":null,"typeVersion":null,"typeDesc":null,"typeSuperType":null,"typeSuperTypeId":null,"typeCreateDate":null,"typeUpdateDate":null,"typeProvenance":null,"alchemyAPITypes":null,"nluAPITypes":null},{"id":"72861b07-5e1b-48db-b0b5-47c7bda8717b","label":"Car_Owner","sireProp":{"mentionType":null,"subtypes":null,"roles":["72861b07-5e1b-48db-b0b5-47c7bda8717b"],"clazz":null,"color":null,"hotkey":null,"backGroundColor":null,"active":true,"roleOnly":false},"creationDate":1589300541671,"source":null,"modifiedDate":0,"typeType":null,"typeClass":null,"typeVersion":null,"typeDesc":null,"typeSuperType":null,"typeSuperTypeId":null,"typeCreateDate":null,"typeUpdateDate":null,"typeProvenance":null,"alchemyAPITypes":null,"nluAPITypes":null},{"id":"459965db-581f-4e8d-88cb-6403e712881c","label":"Mobile_Home_Owner","sireProp":{"mentionType":null,"subtypes":null,"roles":["459965db-581f-4e8d-88cb-6403e712881c"],"clazz":null,"color":null,"hotkey":null,"backGroundColor":null,"active":true,"roleOnly":false},"creationDate":1589300520116,"source":null,"modifiedDate":0,"typeType":null,"typeClass":null,"typeVersion":null,"typeDesc":null,"typeSuperType":null,"typeSuperTypeId":null,"typeCreateDate":null,"typeUpdateDate":null,"typeProvenance":null,"alchemyAPITypes":null,"nluAPITypes":null},{"id":"1a9bd376-6f1e-439c-a5d4-1807442b53a8","label":"Crowded_Living","sireProp":{"mentionType":null,"subtypes":null,"roles":["1a9bd376-6f1e-439c-a5d4-1807442b53a8"],"clazz":null,"color":null,"hotkey":null,"backGroundColor":null,"active":true,"roleOnly":false},"creationDate":1589300511446,"source":null,"modifiedDate":0,"typeType":null,"typeClass":null,"typeVersion":null,"typeDesc":null,"typeSuperType":null,"typeSuperTypeId":null,"typeCreateDate":null,"typeUpdateDate":null,"typeProvenance":null,"alchemyAPITypes":null,"nluAPITypes":null},{"id":"dd1ef626-9e7b-4559-b34d-cb909f733604","label":"Apartment_Renter","sireProp":{"mentionType":null,"subtypes":null,"roles":["dd1ef626-9e7b-4559-b34d-cb909f733604"],"clazz":null,"color":null,"hotkey":null,"backGroundColor":null,"active":true,"roleOnly":false},"creationDate":1589300490341,"source":null,"modifiedDate":0,"typeType":null,"typeClass":null,"typeVersion":null,"typeDesc":null,"typeSuperType":null,"typeSuperTypeId":null,"typeCreateDate":null,"typeUpdateDate":null,"typeProvenance":null,"alchemyAPITypes":null,"nluAPITypes":null},{"id":"8ed0b241-033a-4ee2-b4d7-e084d2f4eb7c","label":"Home_Owner","sireProp":{"mentionType":null,"subtypes":null,"roles":["8ed0b241-033a-4ee2-b4d7-e084d2f4eb7c"],"clazz":null,"color":null,"hotkey":null,"backGroundColor":null,"active":true,"roleOnly":false},"creationDate":1589300470764,"source":null,"modifiedDate":0,"typeType":null,"typeClass":null,"typeVersion":null,"typeDesc":null,"typeSuperType":null,"typeSuperTypeId":null,"typeCreateDate":null,"typeUpdateDate":null,"typeProvenance":null,"alchemyAPITypes":null,"nluAPITypes":null},{"id":"4e3582a7-bf92-4288-a7fe-47d7b65e7f9b","label":"ESL_Speaker","sireProp":{"mentionType":null,"subtypes":null,"roles":["4e3582a7-bf92-4288-a7fe-47d7b65e7f9b"],"clazz":null,"color":null,"hotkey":null,"backGroundColor":null,"active":true,"roleOnly":false},"creationDate":1589300416146,"source":null,"modifiedDate":0,"typeType":null,"typeClass":null,"typeVersion":null,"typeDesc":null,"typeSuperType":null,"typeSuperTypeId":null,"typeCreateDate":null,"typeUpdateDate":null,"typeProvenance":null,"alchemyAPITypes":null,"nluAPITypes":null},{"id":"e1aee0e9-7b37-4146-bc64-1242212e4603","label":"Minority","sireProp":{"mentionType":null,"subtypes":null,"roles":["e1aee0e9-7b37-4146-bc64-1242212e4603"],"clazz":null,"color":null,"hotkey":null,"backGroundColor":null,"active":true,"roleOnly":false},"creationDate":1589300389734,"source":null,"modifiedDate":0,"typeType":null,"typeClass":null,"typeVersion":null,"typeDesc":null,"typeSuperType":null,"typeSuperTypeId":null,"typeCreateDate":null,"typeUpdateDate":null,"typeProvenance":null,"alchemyAPITypes":null,"nluAPITypes":null},{"id":"5bb0ed05-cbb7-4cf0-99fd-42c289a9279b","label":"Single_Parent","sireProp":{"mentionType":null,"subtypes":null,"roles":["5bb0ed05-cbb7-4cf0-99fd-42c289a9279b"],"clazz":null,"color":null,"hotkey":null,"backGroundColor":null,"active":true,"roleOnly":false},"creationDate":1589300353165,"source":null,"modifiedDate":0,"typeType":null,"typeClass":null,"typeVersion":null,"typeDesc":null,"typeSuperType":null,"typeSuperTypeId":null,"typeCreateDate":null,"typeUpdateDate":null,"typeProvenance":null,"alchemyAPITypes":null,"nluAPITypes":null},{"id":"677a7caa-1916-4167-ad93-8b94626cab98","label":"Disabled","sireProp":{"mentionType":null,"subtypes":null,"roles":["677a7caa-1916-4167-ad93-8b94626cab98"],"clazz":null,"color":null,"hotkey":null,"backGroundColor":null,"active":true,"roleOnly":false},"creationDate":1589300328323,"source":null,"modifiedDate":0,"typeType":null,"typeClass":null,"typeVersion":null,"typeDesc":null,"typeSuperType":null,"typeSuperTypeId":null,"typeCreateDate":null,"typeUpdateDate":null,"typeProvenance":null,"alchemyAPITypes":null,"nluAPITypes":null},{"id":"305a81b2-86db-4ae9-ab8e-dcdd82a5975a","label":"High_School_Student","sireProp":{"mentionType":null,"subtypes":null,"roles":["305a81b2-86db-4ae9-ab8e-dcdd82a5975a"],"clazz":null,"color":null,"hotkey":null,"backGroundColor":null,"active":true,"roleOnly":false},"creationDate":1589300310882,"source":null,"modifiedDate":0,"typeType":null,"typeClass":null,"typeVersion":null,"typeDesc":null,"typeSuperType":null,"typeSuperTypeId":null,"typeCreateDate":null,"typeUpdateDate":null,"typeProvenance":null,"alchemyAPITypes":null,"nluAPITypes":null},{"id":"4039469d-8ea3-4236-8600-24e55d0937fb","label":"No_High_School_Diploma","sireProp":{"mentionType":null,"subtypes":null,"roles":["4039469d-8ea3-4236-8600-24e55d0937fb"],"clazz":null,"color":null,"hotkey":null,"backGroundColor":null,"active":true,"roleOnly":false},"creationDate":1589300293760,"source":null,"modifiedDate":0,"typeType":null,"typeClass":null,"typeVersion":null,"typeDesc":null,"typeSuperType":null,"typeSuperTypeId":null,"typeCreateDate":null,"typeUpdateDate":null,"typeProvenance":null,"alchemyAPITypes":null,"nluAPITypes":null},{"id":"94449e55-96c0-484f-9ded-61beec17db6b","label":"University_Student","sireProp":{"mentionType":null,"subtypes":null,"roles":["94449e55-96c0-484f-9ded-61beec17db6b"],"clazz":null,"color":null,"hotkey":null,"backGroundColor":null,"active":true,"roleOnly":false},"creationDate":1589300275737,"source":null,"modifiedDate":0,"typeType":null,"typeClass":null,"typeVersion":null,"typeDesc":null,"typeSuperType":null,"typeSuperTypeId":null,"typeCreateDate":null,"typeUpdateDate":null,"typeProvenance":null,"alchemyAPITypes":null,"nluAPITypes":null},{"id":"1d8bdd73-dfd5-4af1-b6d2-263a29dbdec7","label":"Minor","sireProp":{"mentionType":null,"subtypes":null,"roles":["1d8bdd73-dfd5-4af1-b6d2-263a29dbdec7"],"clazz":null,"color":null,"hotkey":null,"backGroundColor":null,"active":true,"roleOnly":false},"creationDate":1589300256604,"source":null,"modifiedDate":0,"typeType":null,"typeClass":null,"typeVersion":null,"typeDesc":null,"typeSuperType":null,"typeSuperTypeId":null,"typeCreateDate":null,"typeUpdateDate":null,"typeProvenance":null,"alchemyAPITypes":null,"nluAPITypes":null},{"id":"f515a560-3655-4391-b3c3-0892a354f93a","label":"Senior_Citizen","sireProp":{"mentionType":null,"subtypes":null,"roles":["f515a560-3655-4391-b3c3-0892a354f93a"],"clazz":null,"color":null,"hotkey":null,"backGroundColor":null,"active":true,"roleOnly":false},"creationDate":1589300202837,"source":null,"modifiedDate":0,"typeType":null,"typeClass":null,"typeVersion":null,"typeDesc":null,"typeSuperType":null,"typeSuperTypeId":null,"typeCreateDate":null,"typeUpdateDate":null,"typeProvenance":null,"alchemyAPITypes":null,"nluAPITypes":null},{"id":"25162bbf-c9c8-4cd3-9db9-02288e30bf4b","label":"Full_Time_Employment","sireProp":{"mentionType":null,"subtypes":null,"roles":["25162bbf-c9c8-4cd3-9db9-02288e30bf4b"],"clazz":null,"color":null,"hotkey":null,"backGroundColor":null,"active":true,"roleOnly":false},"creationDate":1589299159819,"source":null,"modifiedDate":0,"typeType":null,"typeClass":null,"typeVersion":null,"typeDesc":null,"typeSuperType":null,"typeSuperTypeId":null,"typeCreateDate":null,"typeUpdateDate":null,"typeProvenance":null,"alchemyAPITypes":null,"nluAPITypes":null},{"id":"3bb036f6-d04a-4e0e-8df4-c6dce584d039","label":"Hourly_Wage_Employment","sireProp":{"mentionType":null,"subtypes":null,"roles":["3bb036f6-d04a-4e0e-8df4-c6dce584d039"],"clazz":null,"color":null,"hotkey":null,"backGroundColor":null,"active":true,"roleOnly":false},"creationDate":1589299146207,"source":null,"modifiedDate":0,"typeType":null,"typeClass":null,"typeVersion":null,"typeDesc":null,"typeSuperType":null,"typeSuperTypeId":null,"typeCreateDate":null,"typeUpdateDate":null,"typeProvenance":null,"alchemyAPITypes":null,"nluAPITypes":null},{"id":"a2832e9b-8000-43f6-9205-f767c61e6a34","label":"Unemployed","sireProp":{"mentionType":null,"subtypes":null,"roles":["a2832e9b-8000-43f6-9205-f767c61e6a34"],"clazz":null,"color":null,"hotkey":null,"backGroundColor":null,"active":true,"roleOnly":false},"creationDate":1589299086102,"source":null,"modifiedDate":0,"typeType":null,"typeClass":null,"typeVersion":null,"typeDesc":null,"typeSuperType":null,"typeSuperTypeId":null,"typeCreateDate":null,"typeUpdateDate":null,"typeProvenance":null,"alchemyAPITypes":null,"nluAPITypes":null}],"relationshipTypes":[],"sireInfo":{"entityProp":{"mentionType":[{"color":"white","hotkey":"1","backGroundColor":"#AA00FF","name":"NAM"},{"color":"black","hotkey":"2","backGroundColor":"#00FF7F","name":"NOM"},{"color":"black","hotkey":"3","backGroundColor":"#AAFFFF","name":"PRO"},{"color":"white","hotkey":"4","backGroundColor":"gray","name":"NONE"}],"subtypes":null,"roles":null,"clazz":[{"color":"#A5A5A5","hotkey":"3","backGroundColor":"white","name":"SPC"},{"color":"black","hotkey":"2","backGroundColor":"#00FF7F","name":"NEG"},{"color":"black","hotkey":"1","backGroundColor":"#AAFFFF","name":"GEN"}],"color":null,"hotkey":null,"backGroundColor":null,"active":true,"roleOnly":false},"relationProp":null},"functionalEntityTypes":[{"id":"CATCH_ALL_ENTITY_ID","label":"*","sireProp":{"mentionType":null,"subtypes":null,"roles":null,"clazz":null,"color":null,"hotkey":null,"backGroundColor":null,"active":true,"roleOnly":false},"creationDate":1589265944706,"source":null,"modifiedDate":0,"typeType":null,"typeClass":null,"typeVersion":null,"typeDesc":null,"typeSuperType":null,"typeSuperTypeId":null,"typeCreateDate":null,"typeUpdateDate":null,"typeProvenance":null,"alchemyAPITypes":null,"nluAPITypes":null}],"pid":"33b7f370-941c-11ea-ba41-8b3cd48b35eb","modified_date":1589301356789,"kgimported":false}